Show ID,Primary Theme,Media Views,Visitors,New Visit Rate %,Entries,Exits,Returning Visits,Bounces,Avg Play Duration (s),Total Play Duration (s),Engagement per Visitor,Acquisition Rate,Retention Rate,norm_Engagement per Visitor,norm_Acquisition Rate,norm_Retention Rate,Recommendation
1423841,musique,2789.0,5156.0,32.291666666666664,5327.0,3784.0,4439.0,4610.0,1081.5,608014.0,117.92358417377812,1.0331652443754848,0.8609387121799845,0.2520018750848795,0.09452562710378434,0.09241370640381714,Cross-promote
1423859,info,3617321.0,7230609.0,24.864452911844953,6747639.0,6857622.0,7171611.0,6711571.0,296.99181484617554,97302250.0,13.45699235016027,0.9332047964424574,0.9918405213170841,0.028706974473126038,0.08350564602094177,0.10773132155206748,Cross-promote
1423859,sport,1937.0,3067.0,20.436,3729.0,2917.0,3436.0,4475.0,229.2,34833.0,11.357352461688947,1.2158461036843822,1.120313009455494,0.02421904324044767,0.11466498877541526,0.12276466710637723,Maintain
1423864,info,22741.0,51659.0,29.88264705882353,43180.0,42182.0,42440.0,45924.0,373.75,494504.0,9.572465591668442,0.8358659672080373,0.821541260961304,0.020403889234874507,0.07277468113462962,0.08780357152815879,Cross-promote
1423868,musique,53425.0,96952.0,37.1574149659864,98297.0,98400.0,103150.0,88708.0,1346.5510204081634,15468231.0,159.54524919547816,1.0138728442940836,1.0639285419589075,0.34096721215654446,0.09239876704727366,0.11616677835949846,Cross-promote
1423870,humour,507294.0,684845.0,31.0323474801061,537340.0,587308.0,698510.0,500002.0,1651.1193633952255,320417094.9600007,467.86805037636356,0.7846154969372632,1.0199534201169607,1.0,0.06712465430352625,0.11102098246169789,Cross-promote
1423878,info,2606.0,4274.0,24.815,3142.0,2922.0,3763.0,1995.0,418.75,417100.0,97.59007955077212,0.7351427234440805,0.8804398689751989,0.2085394837631759,0.061670606834912475,0.09469565511563308,Cross-promote
1423887,sport,202450.0,410065.0,29.436713178294575,399915.0,411786.0,429847.0,398777.0,587.2573643410852,13961516.0,34.04708034092156,0.9752478265640813,1.0482411325033836,0.07271780675189919,0.08814061321232622,0.11433109937005784,Cross-promote
1423920,musique,7095.0,15895.0,40.33380952380952,14551.0,13629.0,12848.0,16275.0,852.0,609963.0,38.37452028939918,0.9154451085246933,0.8083044982698961,0.08196760859122924,0.0815477573866084,0.08625465758990032,Cross-promote
1423921,musique,886.0,1837.0,33.654,2621.0,2600.0,5269.0,3700.0,651.2,125740.0,68.44855743059335,1.426782798040283,2.8682634730538923,0.1462501607182808,0.13791937017871567,0.3273029594042622,Increase production
1423942,musique,24011.0,51156.0,23.444880952380952,54182.0,52867.0,50931.0,48695.0,2536.0714285714284,2473443.0,48.350985221674875,1.0591523965908203,0.9956016889514426,0.1032920694224048,0.09739053949395107,0.10817143860400844,Maintain
1423950,musique,30933.0,70145.0,34.42725490196079,61535.0,56939.0,60451.0,61236.0,1077.578431372549,1906302.0,27.176591346496544,0.8772542590348563,0.8618005559911611,0.05803229695988318,0.07733746774087107,0.09251455597881177,Cross-promote
1423952,musique,7214.0,14070.0,39.208800000000004,13097.0,14262.0,14838.0,18180.0,1525.88,1297779.0,92.23731343283582,0.9308457711442786,1.054584221748401,0.19709807117913558,0.08324557901746761,0.11507334273970005,Cross-promote
1423969,musique,106472.0,243177.0,29.713389355742297,228138.0,223518.0,232238.0,218912.0,2280.358543417367,26826061.0,110.31495988518651,0.9381561578603239,0.9550163049959495,0.2357386183378633,0.08405150100946447,0.10342229650908817,Cross-promote
1423973,musique,56432.0,93058.0,28.36070921985816,85950.0,87205.0,96659.0,90551.0,2559.0425531914893,37684566.02000001,404.95783296438793,0.9236175288529734,1.0386962969330955,0.8655308793055214,0.0824487129073262,0.11321420023105605,Cross-promote
1784426,info,4879256.0,9282573.0,23.874281242842965,8343273.0,8614558.0,9136817.0,8212858.0,430.5379036567677,469011980.84000057,50.52607513455597,0.8988103837158081,0.9842978880963285,0.10794127332041697,0.07971388852644658,0.10684871226162644,Cross-promote
1784434,info,12906.0,22416.0,27.10516129032258,19964.0,21450.0,17649.0,17907.0,373.9032258064516,494616.0,22.065310492505354,0.8906138472519629,0.7873394004282656,0.04710705348857573,0.07881027436060249,0.08380140425138329,Cross-promote
1784447,info,2519.0,7365.0,35.80571428571428,3165.0,3204.0,4082.0,3057.0,617.4285714285714,138732.0,18.836659877800408,0.42973523421588594,0.5542430414120841,0.04020588819223046,0.028001442445932768,0.05652538458897565,Cross-promote
1950967,info,2852.0,4941.0,31.374999999999996,1823.0,3051.0,2373.0,2135.0,888.0,1183798.860000002,239.58689738919287,0.36895365310665856,0.4802671523982999,0.5120543661090078,0.021300673413187796,0.04786901684560824,Cross-promote
2031524,info,3117.0,3857.0,30.09,3506.0,4821.0,4056.0,2368.0,87.0,29991.0,7.775732434534612,0.9089966295047964,1.0515945035001297,0.016563414067220606,0.08083685504191321,0.11472349766245779,Cross-promote
2038422,musique,533.0,1879.0,41.276666666666664,1590.0,2209.0,1223.0,2159.0,1725.0,567584.0,302.0670569451836,0.8461947844598191,0.6508781266631187,0.6456042481786484,0.0739133652149474,0.0678332424058482,Cross-promote
2076167,musique,3825.0,7316.0,46.409166666666664,6949.0,8902.0,4094.0,5959.0,1149.5833333333333,523497.0,71.55508474576271,0.9498359759431383,0.5595954073264079,0.15289029031358378,0.08533912403422214,0.05715169740885698,Cross-promote
2343533,info,7554.0,12679.0,32.326875,9999.0,11125.0,12918.0,10209.0,1087.3125,2533112.440000008,199.7880306017831,0.7886268633172964,1.0188500670399874,0.42698521769877007,0.06756688102958028,0.11089187242175938,Cross-promote
2384761,musique,5085.0,15418.0,29.674500000000002,14237.0,14357.0,14221.0,11026.0,413.6,62966.0,4.083927876507977,0.9234012193540018,0.9223634712673499,0.008672268032185473,0.08242486620959727,0.09960139025995718,Cross-promote
2528588,info,23580.0,49413.0,26.566666666666666,44719.0,40697.0,39342.0,44775.0,364.46666666666664,488997.0,9.896120454131504,0.9050047558334852,0.7961872381761884,0.021095693945687912,0.08039677725862415,0.08483674344501428,Cross-promote
2633718,societe,7607.0,13309.0,46.48708333333334,13253.0,16296.0,15636.0,14472.0,876.5,630496.0,47.373656923886095,0.9957923209857991,1.1748440904650987,0.10120305300758518,0.09040550842403616,0.12914567985195627,Cross-promote
2723781,musique,25496.0,51770.0,30.860731707317072,50402.0,55792.0,54696.0,49674.0,1185.8536585365853,2481395.0,47.9311377245509,0.9735754297855901,1.0565192196252655,0.10239465520120881,0.0879562424812714,0.11529976858504074,Cross-promote
2797899,musique,4467.0,11718.0,26.169285714285714,7057.0,10689.0,7483.0,9425.0,1031.7142857142858,303307.0,25.88385389998293,0.6022358764294248,0.6385902031063322,0.05526910085481901,0.04701850222586705,0.06639535789336723,Cross-promote
3195350,info,1949.0,2668.0,35.13666666666666,1337.0,2404.0,2921.0,2141.0,1683.3333333333333,1233646.860000002,462.38637931034555,0.5011244377811095,1.0948275862068966,0.9882830560995091,0.035871631996654336,0.11978246305751318,Increase production
4191283,info,1165.0,2186.0,32.21,1172.0,1763.0,2567.0,818.0,364.3333333333333,65251.0,29.849496797804207,0.5361390667886551,1.1742909423604757,0.06374556994673507,0.03973176425160808,0.12908095263510225,Cross-promote
4966282,musique,12564.0,19884.0,35.84657142857143,23089.0,22146.0,24345.0,25151.0,1028.2285714285715,1327897.0,66.78218668276001,1.1611848722591027,1.2243512371756187,0.1426883321563993,0.10863894798901305,0.13493881155424983,Increase production
5021007,info,1489.0,1710.0,30.335,2357.0,2876.0,3744.0,2538.0,1073.75,265313.0,155.15380116959065,1.3783625730994151,2.1894736842105265,0.33158059454641065,0.13258135925630718,0.24787364654293217,Increase production
5406811,humour,7224.0,17486.0,26.738076923076925,15654.0,15452.0,15262.0,16432.0,221.76923076923077,73733.0,4.216687635822944,0.895230470090358,0.87281253574288,0.008956038917633023,0.07931922662520037,0.09380313456278298,Cross-promote
5406811,societe,2205.0,3486.0,23.03333333333333,2448.0,2433.0,3972.0,3920.0,436.3333333333333,17691.0,5.07487091222031,0.7022375215146299,1.1394148020654045,0.010790385631397408,0.05804302502342831,0.12499988379107448,Cross-promote
6067786,societe,319055.0,564302.0,32.195890227576974,490867.0,492457.0,548587.0,473713.0,817.0803212851406,82124489.88000001,145.53287048424426,0.8698657810888496,0.9721514366420817,0.31101607986592594,0.07652293670505034,0.10542738225847734,Cross-promote
7002223,info,586414.0,1289740.0,29.690331491712705,1247956.0,1243614.0,1293033.0,1231499.0,449.38473129080865,23644014.0,18.3323879231473,0.9676027726518523,1.0025532277823437,0.039128018664471034,0.08729779636594194,0.10898488035245928,Cross-promote
7006364,info,1589341.0,2806451.0,25.405161290322578,2383716.0,2515958.0,2713630.0,2376812.0,439.7307384697414,176789704.3,62.994046323987135,0.8493702544601706,0.966925843351621,0.13459127059681728,0.07426343987003951,0.10481590387271475,Cross-promote
7392825,info,115577.0,177110.0,29.957790055248616,130450.0,139049.0,176724.0,122939.0,1703.1381215469614,68107798.66000016,384.5508365422628,0.7365479080797245,0.9978205634916154,0.8219114009793161,0.061825519186976687,0.1084310825806094,Cross-promote
7949544,musique,36732.0,79815.0,27.396949152542373,81070.0,75428.0,74782.0,70279.0,1976.2203389830509,8398747.860000001,105.22768727682768,1.0157238614295558,0.9369416776295183,0.22486469193097575,0.0926028294963594,0.10130727466353784,Cross-promote
7969090,musique,28931.0,56925.0,25.082758620689653,59779.0,52640.0,55103.0,53270.0,1547.057471264368,7014626.0,123.22575318401405,1.0501361440491874,0.9679929732103645,0.26333513753270904,0.09639655702887154,0.10494077521404449,Cross-promote
8723629,societe,41728.0,81452.0,34.601451612903226,82384.0,74077.0,85431.0,75530.0,825.9274193548387,5153869.0,63.27492265383293,1.0114423218582724,1.0488508569464223,0.13519163719308766,0.09213081795522868,0.11440244692763947,Cross-promote
8840379,humour,982431.0,1874190.0,21.857946589678818,1758900.0,1807898.0,1925404.0,1729033.0,669.6116925297727,191249988.5800003,102.04407695057616,0.9384854257039041,1.0273259381386093,0.21805979919945878,0.08408780062078547,0.11188368554023882,Cross-promote
8840379,musique,77266.0,145575.0,19.983819742489267,138904.0,143158.0,155954.0,136618.0,585.8884120171674,4715686.0,32.39351537008415,0.9541748239738966,1.0712965825176026,0.06918335023931735,0.08581745345559809,0.11702895750292486,Cross-promote
8840387,musique,28553.0,60402.0,35.97870967741935,58913.0,58390.0,58853.0,65843.0,1556.0645161290322,3779125.0,62.566222972749244,0.9753484983940929,0.9743551538028542,0.13367680817369787,0.08815171161859833,0.10568525257812246,Cross-promote
8841537,sport,51605.0,115040.0,30.96267441860465,104300.0,110122.0,121048.0,116860.0,893.4418604651163,6133574.0,53.316881084840055,0.9066411682892906,1.0522253129346315,0.11390655587072306,0.08057718095508204,0.11479731250285823,Cross-promote
8841629,musique,36346.0,69351.0,34.01108108108108,69010.0,70156.0,71918.0,69524.0,1818.9279279279278,12386732.720000004,178.60928782569832,0.9950829836628167,1.0370146068549841,0.3817161495621126,0.09032730865560518,0.11301741546860741,Cross-promote
8841675,musique,75187.0,164676.0,29.404357976653696,153210.0,164397.0,166672.0,165498.0,1194.2140077821011,8020100.0,48.70230027447837,0.9303723675581141,1.0121207704826447,0.10404299714417464,0.08319338938975028,0.11010443659055659,Cross-promote
8843752,musique,32630.0,69208.0,24.04098039215686,67845.0,62091.0,77290.0,65663.0,2403.8627450980393,17607001.0,254.40701941972026,0.980305745000578,1.1167784071205642,0.5437320308829103,0.08869821541040859,0.12235106183517844,Increase production
8849020,humour,104919.0,176620.0,28.19304932735426,141021.0,148813.0,173366.0,142359.0,339.69058295964123,7792327.0,44.11916543992753,0.798442984939418,0.9815762654286038,0.09424665345662336,0.0686490437931479,0.10653023867537297,Cross-promote
8849020,info,6512033.0,12795822.0,26.973010045954897,11766329.0,12137563.0,12592604.0,11754734.0,346.27701186277653,278142829.16,21.737003621963485,0.9195445982290157,0.9841184098997313,0.04640530521912344,0.08199969912881835,0.1068277104285647,Cross-promote
8868066,musique,46908.0,92006.0,4.375935483870967,97276.0,101290.0,92676.0,93782.0,2275.3483870967743,9905567.0,107.66218507488642,1.0572788731169707,1.0072821337738842,0.2300683741260922,0.09718399586927746,0.10953823834291156,Cross-promote
9183563,humour,12169.0,26482.0,25.302222222222223,22396.0,19645.0,22596.0,23159.0,231.33333333333334,144507.0,5.456800845857564,0.8457065176346198,0.8532588173098709,0.011606751946057856,0.07385953701301017,0.09151503529472486,Cross-promote
9649001,humour,11875.0,20974.0,33.40185185185185,18855.0,16335.0,19517.0,15687.0,1121.5185185185185,3284560.720000004,156.60154095546886,0.8989701535234099,0.9305330409077905,0.3346751045323894,0.07973150209555104,0.10055736118582907,Cross-promote
9667417,musique,186122.0,339729.0,27.533129102844637,287350.0,306093.0,327071.0,295980.0,2733.6345733041576,138964190.36000025,409.0442392612943,0.8458212280965122,0.9627408905333369,0.8742654773430221,0.073872183085994,0.10432619714439197,Cross-promote
10079561,societe,22494.0,29673.0,40.66294117647059,25418.0,26185.0,29323.0,22159.0,1007.1176470588235,10090754.60000002,340.0651973174273,0.8566036464125636,0.9882047652748289,0.7268243859254354,0.07506087369640214,0.10730587967165876,Cross-promote
10079572,musique,27254.0,62754.0,25.342197802197802,57918.0,61704.0,58605.0,55850.0,1680.7692307692307,4335181.0,69.08214615801383,0.9229371832871212,0.933884692609236,0.14760444182813987,0.08237370928919004,0.10094955829305126,Cross-promote
10819825,info,19995.0,29763.0,26.544,24883.0,29213.0,34725.0,22197.0,1045.2,6084218.580000006,204.42222155024714,0.8360380338003561,1.1667170648120149,0.43689069263759367,0.07279365034326715,0.1281946872562503,Increase production
10957236,musique,27243.0,54677.0,25.00565217391304,61120.0,59416.0,59199.0,53426.0,2617.5108695652175,8591070.0,157.12401924026557,1.1178374819393895,1.0827038791447958,0.33579188966569273,0.10386018367581311,0.11836379451372792,Increase production
10972932,musique,11098.0,27841.0,9.338,32087.0,24854.0,28651.0,24686.0,1740.1333333333334,1469541.0,52.78334111562085,1.1525088897668905,1.029093782550914,0.11276612664526932,0.10768247805599204,0.11209055174421396,Cross-promote
10974235,musique,17369.0,39312.0,32.322985074626864,47599.0,41590.0,41585.0,43105.0,2502.507462686567,3440655.0,87.52174908424908,1.2108007733007733,1.0578194953194953,0.18701866249770915,0.1141087743272636,0.11545192173557492,Cross-promote
11008437,musique,1273.0,4004.0,28.586000000000002,2348.0,1414.0,3052.0,2870.0,1783.6,196380.0,49.04595404595405,0.5864135864135864,0.7622377622377622,0.10477754905600573,0.045274198951249796,0.08086410922141123,Cross-promote
11064157,musique,34701.0,82973.0,41.739285714285714,79251.0,80060.0,80278.0,77487.0,1092.1031746031747,2801472.0,33.763658057440374,0.9551420341556892,0.967519554553891,0.07211199823918403,0.08592408200845959,0.10488537762380747,Cross-promote
11090330,info,1672.0,2753.0,28.125,2705.0,2484.0,1812.0,1222.0,481.0,82224.0,29.867054122775155,0.982564475118053,0.658191064293498,0.06378309831887738,0.08894722553071635,0.0686889736212051,Cross-promote
11154300,musique,149102.0,297901.0,33.597133757961785,303980.0,287444.0,301804.0,290977.0,1895.4670912951167,33213988.0,111.49337531596068,1.0204061080694593,1.0131016680037999,0.23825745380383073,0.0931190163529,0.11021921736270918,Cross-promote
11157005,musique,130206.0,282351.0,32.01478060046189,273441.0,281747.0,265444.0,253085.0,933.1108545034642,5662502.0,20.054832460306496,0.9684435330492898,0.9401206299959979,0.04280970364165114,0.08739048466282884,0.10167926317343959,Cross-promote
11157368,musique,27294.0,66821.0,36.5195,64732.0,64118.0,64713.0,65365.0,1468.37,5904365.720000004,88.36093024647947,0.9687373729815477,0.9684530312326963,0.18881239263616215,0.0874228785802414,0.10499460939539307,Cross-promote
11157611,musique,113508.0,248750.0,24.461233595800525,250646.0,244704.0,250366.0,237214.0,1491.5328083989502,8788200.0,35.329447236180904,1.0076221105527638,1.0064964824120604,0.07545883604582128,0.09170966481726583,0.10944630450883817,Cross-promote
11168166,musique,28114.0,59703.0,41.650786516853934,54426.0,51772.0,58398.0,52029.0,1778.0449438202247,5423715.0,90.84493241545651,0.9116124817848349,0.9781418019195015,0.1941218892681343,0.08112523552877185,0.10612835125594058,Cross-promote
11168268,musique,79.0,1076.0,39.61,693.0,1204.0,447.0,615.0,1393.0,17915.0,16.649628252788105,0.6440520446096655,0.4154275092936803,0.0355311591633901,0.0516284593822411,0.04028173668520759,Cross-promote
11168343,musique,29990.0,64237.0,17.67451923076923,62649.0,64915.0,62858.0,67607.0,2058.730769230769,2119621.0,32.99688652957018,0.9752790447872721,0.9785326213864284,0.07047304200333038,0.08814405481584157,0.10617408341370291,Cross-promote
11168594,musique,6039.0,14121.0,33.20047619047619,13308.0,11912.0,14435.0,12726.0,757.0,561095.0,39.7347921535302,0.9424261737837264,1.0222363855251044,0.08487515793694678,0.0845222421443067,0.11128812609973646,Cross-promote
11172080,musique,21358.0,36918.0,39.427454545454545,39626.0,38968.0,35141.0,34744.0,1399.1818181818182,6897016.860000002,186.81989436047462,1.07335175253264,0.9518662982826805,0.39926612930339284,0.0989559249749389,0.10305369510574375,Cross-promote
11174986,musique,74432.0,160773.0,45.47352459016393,165252.0,163814.0,157221.0,152896.0,574.3647540983607,3597675.0,22.377358138493403,1.027859155455207,0.9779067380716912,0.04777404804521522,0.09394066574422222,0.10610084500847342,Cross-promote
11174992,musique,14019.0,29469.0,39.3738,33773.0,29395.0,30937.0,34902.0,1450.02,2777428.0,94.24914316739624,1.1460517832298347,1.0498150598934473,0.20139831025829424,0.10697062458434765,0.11451527416635142,Cross-promote
11175094,musique,29795.0,70322.0,34.02838095238095,66482.0,63079.0,67359.0,61050.0,2120.8571428571427,8018371.0,114.0236483603993,0.9453940445379824,0.9578652484286567,0.24366585335162558,0.08484943034968705,0.10375566867077954,Cross-promote
11181709,info,26918.0,53652.0,22.754675324675322,47138.0,48449.0,53525.0,48287.0,358.987012987013,791230.0,14.747446507119959,0.878587937075971,0.9976328934615671,0.031465290100086044,0.07748449696180387,0.10840912217139818,Cross-promote
11182145,musique,16835.0,33172.0,29.33285714285714,35981.0,32509.0,32039.0,32804.0,1681.625,2455637.0,74.02740262872302,1.0846798504763053,0.9658446882913301,0.15817481205703623,0.10020477317065145,0.10468939135743106,Cross-promote
11194526,musique,15180.0,33113.0,28.27285714285714,34415.0,34550.0,39430.0,35224.0,978.6071428571429,1225415.0,37.00706671095944,1.0393199045692025,1.190770996285447,0.07904470849887785,0.09520413785787314,0.1310093837645814,Cross-promote
11195451,musique,44877.0,89972.0,38.35299270072993,90006.0,95737.0,99670.0,76706.0,1196.4598540145985,8599151.0,95.57585693326813,1.0003778953452185,1.107789089939092,0.20423412995260184,0.09091103779830054,0.12129916727436965,Increase production
11214592,musique,6057.0,13690.0,47.72210526315789,11645.0,9409.0,12454.0,13425.0,878.2631578947369,367186.0,26.821475529583637,0.8506208911614317,0.9097151205259313,0.05727324519358154,0.07440131433013238,0.09812132997512016,Cross-promote
11217536,info,464084.0,728980.0,26.78066742081448,585604.0,618258.0,693833.0,559136.0,607.1391402714933,107356953.02000001,147.2700938571703,0.803319706987846,0.951786057230651,0.3147293542594554,0.0691866702827367,0.10304430561325177,Cross-promote
11340174,societe,52946.0,96195.0,34.97296551724138,90553.0,89343.0,99916.0,82707.0,801.6344827586207,10667309.0,110.89255158792037,0.9413483029263475,1.0386818441706949,0.23697320711504757,0.08440341398073124,0.11321250902561174,Cross-promote
11358768,musique,7141.0,17086.0,41.77791666666666,17397.0,16003.0,14054.0,12205.0,871.0416666666666,649697.0,38.02510827578134,1.0182020367552382,0.822544773498771,0.08122074857128066,0.09287603200568872,0.08792099862062369,Cross-promote
11397314,musique,4725.0,9796.0,4.94625,8454.0,10541.0,12972.0,11379.0,2296.4375,627202.0,64.02633728052267,0.8630053082890976,1.324213964883626,0.1367977684112688,0.07576661475936161,0.1466243554040196,Increase production
11419601,musique,15826.0,33252.0,31.377843137254903,29560.0,32487.0,33086.0,27903.0,929.0196078431372,949678.0,28.56002646457356,0.8889690845663418,0.9950078190785516,0.06098935722002251,0.07862895010629889,0.10810194628590337,Cross-promote
11420090,musique,59157.0,129014.0,26.936113989637306,121254.0,114623.0,120421.0,129097.0,1553.6891191709844,13158981.860000001,101.9965419256825,0.9398514889856915,0.9333948253677895,0.21795819419374435,0.08423840010122546,0.1008922359540578,Cross-promote
11536206,societe,174709.0,382608.0,38.42252951096122,375101.0,375415.0,369769.0,374999.0,1123.424957841484,16111303.0,42.1091639484799,0.9803793961443567,0.966443461715385,0.08995032220442678,0.08870633496397155,0.10475945746981814,Cross-promote
11550359,musique,153723.0,295209.0,29.497076923076925,288412.0,284951.0,310327.0,273991.0,2255.4153846153845,66801088.30000001,226.28405062176293,0.9769756342116941,1.0512111758110356,0.4836198417799094,0.08833109262678664,0.11467864216308832,Cross-promote
11559755,musique,28043.0,54142.0,23.938444444444446,52377.0,57697.0,58955.0,51026.0,1650.7444444444445,3496891.0,64.58739980052455,0.9674005393225222,1.088895866425326,0.13799702644633832,0.08727550147321565,0.11908835652544685,Increase production
11562086,musique,867.0,2215.0,30.78,2778.0,2535.0,1983.0,2869.0,1615.75,84515.0,38.15575620767494,1.254176072234763,0.8952595936794583,0.08150000547492856,0.11889061538139194,0.0964298010462299,Maintain
11562086,societe,961.0,1223.0,0.0,2327.0,2363.0,2249.0,3146.0,385.25,6716.0,5.491414554374489,1.902698282910875,1.83892068683565,0.011680737939744152,0.19038591818597936,0.20685331276564958,Maintain
11831179,humour,10344.0,22245.0,40.8778947368421,21472.0,23219.0,22129.0,23806.0,404.07894736842104,144852.0,6.511665542818611,0.9652506181164306,0.9947853450213531,0.01386150060354696,0.0870384868188135,0.10807591324624485,Cross-promote
11831179,musique,17201.0,35906.0,42.34466666666666,42846.0,37252.0,38447.0,40508.0,908.7166666666667,815146.0,22.70222246978221,1.1932824597560296,1.0707681167492897,0.04846843796740122,0.11217749562795526,0.116967118516043,Maintain
11869732,musique,2372.0,4025.0,39.73833333333334,2610.0,3589.0,3467.0,2085.0,1086.6666666666667,82949.0,20.608447204968943,0.6484472049689441,0.8613664596273292,0.043993042230846456,0.05211299686698468,0.09246375972868914,Cross-promote
11929403,musique,21889.0,49341.0,21.971097560975608,50787.0,51259.0,54822.0,54483.0,1670.341463414634,2112756.0,42.81948075636894,1.0293062564601447,1.1110840882835775,0.09146860779460128,0.09410019909995568,0.1216847350284569,Cross-promote
12027724,musique,12382.0,32752.0,15.392592592592594,34636.0,31646.0,39419.0,34308.0,379.85185185185185,145782.0,4.451086956521739,1.05752320468979,1.2035600879335613,0.009457061992141585,0.0972109318161053,0.13250591299708686,Maintain
12027729,musique,38919.0,89666.0,13.51,78779.0,90984.0,87764.0,78252.0,1765.9777777777779,3905569.0,43.5568554413044,0.8785827403921219,0.9787879463787835,0.09304472896513095,0.0774839240616329,0.10620396054066095,Cross-promote
12027733,musique,6230.0,18304.0,6.51448275862069,18847.0,19389.0,19130.0,17388.0,416.0689655172414,77416.0,4.229458041958042,1.0296656468531469,1.0451267482517483,0.008983335362543593,0.09413981952397471,0.11396666636714681,Cross-promote
12034911,musique,37700.0,84558.0,16.63738095238095,73172.0,81643.0,77727.0,79382.0,384.92063492063494,377796.0,4.467891861207692,0.865346862508574,0.9192152132264245,0.009492982083494575,0.07602475569146676,0.09923299347937661,Cross-promote
12034911,societe,2841.0,4306.0,63.58,4260.0,3431.0,4365.0,3208.0,397.0,31622.0,7.343706456107757,0.9893172317696238,1.0137018114259173,0.015639968626620808,0.08969167248044599,0.11028944378688427,Cross-promote
12034914,info,1018.0,2323.0,42.89333333333334,1985.0,1774.0,1780.0,3092.0,254.0,5495.0,2.365475678002583,0.8544984933275936,0.7662505380972879,0.004999116585652312,0.07482879443252771,0.08133366847882399,Review and optimize
12158421,musique,2827.0,8205.0,33.96583333333333,8143.0,8476.0,6666.0,9209.0,1056.8333333333333,207628.0,25.305057891529554,0.9924436319317489,0.8124314442413163,0.054031937902281134,0.09003633750902906,0.08673757658502,Cross-promote
12290845,societe,1846.0,4174.0,24.64125,5489.0,6130.0,5353.0,4993.0,820.375,262265.0,62.83301389554384,1.3150455198850024,1.2824628653569716,0.13424706754130625,0.1256010711216276,0.14173880585522933,Increase production
12441412,musique,36804.0,82629.0,27.292457627118647,83750.0,75153.0,69727.0,75851.0,2561.6186440677966,9501145.0,114.98559827663411,1.013566665456438,0.8438562732212661,0.24572199883497592,0.09236501284680146,0.09041478654558145,Cross-promote
12475063,musique,1851.0,4799.0,44.248333333333335,3688.0,4366.0,3857.0,2053.0,1230.0,257711.0,53.70097937070223,0.7684934361325276,0.8037091060637633,0.11472755698763083,0.06534730327361034,0.08571692285779217,Cross-promote
12710013,humour,181392.0,379871.0,26.038797909407666,387980.0,360396.0,387809.0,357876.0,1356.1080139372823,46259791.0,121.77763240679073,1.021346720334008,1.0208965675189736,0.26023981318662665,0.09322271266054921,0.11113134586329898,Cross-promote
12710082,societe,492341.0,872656.0,34.117778662420385,793536.0,831858.0,891976.0,776483.0,1079.8694267515923,184512564.60000032,211.43791436717368,0.9093342622980877,1.0221393080434902,0.45188657220953576,0.08087407683385145,0.11127676647443616,Cross-promote
12710091,societe,40568.0,75098.0,33.597522935779814,74163.0,70845.0,77699.0,74299.0,1164.6605504587155,12729890.0,169.51037311246637,0.987549601853578,1.0346347439345922,0.3622674318323683,0.08949680292314525,0.11273893326457633,Cross-promote
12710887,musique,334.0,144.0,77.25,87.0,1006.0,937.0,866.0,416.0,1382.0,9.597222222222221,0.6041666666666666,6.506944444444445,0.020456805954588323,0.04723135913406736,0.7530871035229072,Cross-promote
12725565,musique,31387.0,68173.0,5.560818181818182,67259.0,66293.0,71025.0,68239.0,2031.409090909091,2527621.0,37.07656990304079,0.9865929326859607,1.041834743960219,0.07919326994897481,0.08939133644767744,0.11358144896536726,Cross-promote
12726615,musique,32207.0,70184.0,5.157727272727273,75446.0,72438.0,69076.0,77331.0,1421.6090909090908,1959077.0,27.91344181009917,1.0749743531289182,0.9842129260230252,0.05960729761955507,0.0991348060048436,0.10683877033378271,Maintain
12736628,musique,41928.0,85968.0,32.93456375838926,94070.0,89654.0,100967.0,95573.0,2129.8255033557048,3676166.0,42.762027731248835,1.0942443699981388,1.1744718965196352,0.09134580329499917,0.10125919845961875,0.12910212717950123,Maintain
12980772,info,65633.0,104519.0,24.77283333333333,72621.0,82984.0,96485.0,71197.0,460.3666666666667,13889966.460000021,132.89417675255237,0.6948114696849377,0.9231335929352558,0.2840011671420048,0.05722435171437866,0.09969150687029338,Cross-promote
13169128,musique,3867.0,9100.0,20.353571428571428,9498.0,9963.0,9976.0,8907.0,2293.6428571428573,1441480.0,158.4043956043956,1.0437362637362637,1.0962637362637362,0.338528664245807,0.0956910123715674,0.11995051569185658,Increase production
13191441,musique,380.0,970.0,12.75,1008.0,37.0,758.0,1004.0,2407.0,18309.0,18.87525773195876,1.0391752577319588,0.7814432989690722,0.040288390204191074,0.09518819149665649,0.0831114656353908,Cross-promote
13211701,musique,4077.0,9767.0,34.64416666666667,8540.0,9365.0,6569.0,9858.0,848.4166666666666,447903.0,45.858810279512646,0.8743728882973277,0.672570902016996,0.09796510367859267,0.07701981559267847,0.07037164570644833,Cross-promote
13319252,musique,1095.0,4861.0,36.085,2813.0,3779.0,3893.0,3358.0,344.0,19284.0,3.9670849619419872,0.5786875128574367,0.8008640197490229,0.008422519030712814,0.04442245022268803,0.08538400204088348,Cross-promote
13634485,musique,582.0,2180.0,52.235,1664.0,2131.0,863.0,1117.0,337.5,19435.0,8.9151376146789,0.763302752293578,0.3958715596330275,0.018998866033399477,0.06477506456425035,0.037993376327661255,Cross-promote
13634486,societe,13174.0,27190.0,42.566944444444445,28784.0,24054.0,24132.0,22451.0,824.9166666666666,2248004.0,82.67760205958074,1.0586244942993748,0.8875321809488783,0.17666441134870697,0.09733234174288441,0.09552556958389202,Cross-promote
14254329,humour,35351.0,66547.0,31.972916666666666,55371.0,67966.0,70198.0,61389.0,217.45833333333334,655888.0,9.856011540715585,0.8320585450884337,1.054863479946504,0.02100996207984917,0.07235493792018804,0.11510602043631657,Cross-promote
14254338,humour,1588.0,4650.0,30.133333333333336,3861.0,4420.0,4685.0,4478.0,198.0,32320.0,6.950537634408602,0.8303225806451613,1.0075268817204301,0.014799579451168596,0.07216355927272375,0.10956687778554591,Cross-promote
14254341,societe,21706.0,47505.0,10.705277777777777,40497.0,45366.0,43685.0,50338.0,355.80555555555554,203519.0,4.284159562151353,0.8524786864540574,0.919587411851384,0.009100258584615396,0.0746061240264059,0.09927654669940787,Cross-promote
15095466,humour,943.0,1293.0,32.17333333333333,1672.0,265.0,1514.0,2498.0,145.66666666666666,16489.0,12.752513534416087,1.2931167826759473,1.1709203402938901,0.027201167454837544,0.12318357225871417,0.12868653803064264,Maintain
10079561,societe,667.0,947.0,0.0,1974.0,1532.0,1233.0,1376.0,231.33333333333334,455.0,0.4804646251319958,2.084477296726505,1.3020063357972544,0.0009699494772482439,0.21042585733119154,0.14402570594346206,Review and optimize
10079572,musique,11103.0,30698.0,52.09341463414634,25339.0,27072.0,29655.0,26806.0,1498.0,280246.0,9.129128933481008,0.8254283666688383,0.9660238452016418,0.019456267480403435,0.07162400441327975,0.1047103555948346,Cross-promote
10819825,info,482.0,141.0,0.0,395.0,399.0,1215.0,1155.0,84.0,200.0,1.4184397163120568,2.801418439716312,8.617021276595745,0.0029748493318829256,0.2894638968421047,1.0,Review and optimize
10957236,musique,424.0,308.0,57.71,249.0,598.0,24.0,876.0,1305.0,9086.0,29.5,0.8084415584415584,0.07792207792207792,0.06299852870256793,0.06975132067492838,0.0007881777934441491,Cross-promote
10972932,musique,18742.0,41121.0,50.13969696969696,44398.0,48378.0,39640.0,42122.0,1163.6515151515152,272714.0,6.63198852167992,1.07969164174023,0.9639843389022641,0.014118688161187486,0.09965485600795877,0.10447170058469965,Maintain
10974235,musique,2742.0,3729.0,60.425000000000004,10433.0,8364.0,8155.0,9333.0,2334.785714285714,205303.0,55.05577902923036,2.797801019039957,2.186913381603647,0.11762340962165428,0.2890651000355035,0.24757404999607188,Increase production
11008437,musique,116.0,1104.0,85.0,291.0,214.0,498.0,1056.0,1715.0,9436.0,8.547101449275363,0.26358695652173914,0.45108695652173914,0.018212197323903643,0.009684689019986831,0.04445446502746196,Cross-promote
11064157,musique,22289.0,51240.0,36.81358024691358,49728.0,47646.0,48960.0,46095.0,499.358024691358,130136.0,2.539734582357533,0.9704918032786886,0.955503512880562,0.005371590924571585,0.08761629296648557,0.10347930766059847,Review and optimize
11154300,musique,7317.0,18010.0,18.630333333333333,20770.0,16180.0,18099.0,20532.0,1714.5,120848.0,6.710049972237646,1.153248195446974,1.00494169905608,0.014285542688932841,0.10776398163843315,0.10926436987216047,Maintain
11157005,musique,119832.0,259017.0,36.90125,260183.0,263001.0,263591.0,248005.0,496.7708333333333,781987.0,3.0190566642343937,1.0045016350278166,1.0176590725705263,0.006396130681879097,0.0913656529409142,0.11075250693057818,Review and optimize
11157368,musique,4014.0,10574.0,35.683571428571426,9752.0,9384.0,7128.0,7399.0,1982.357142857143,169037.0,15.98609797616796,0.9222621524494042,0.6741062984679402,0.03411287869128526,0.08229929158483001,0.07055131176370595,Cross-promote
11157611,musique,83387.0,200703.0,49.05912903225806,201172.0,187847.0,186220.0,180518.0,1284.374193548387,1946120.0,9.696516743646084,1.0023367861965193,0.9278386471552493,0.020669045675494203,0.09112699261414081,0.10024207382019726,Cross-promote
11168166,musique,4121.0,10159.0,33.67733333333333,9541.0,10138.0,9079.0,8527.0,1908.6,150834.0,14.84732749286347,0.9391672408701643,0.8936903238507727,0.03167878337478058,0.08416296625268836,0.09624617125946057,Cross-promote
11168268,musique,277.0,1477.0,0.0,948.0,201.0,1212.0,631.0,179.0,244.0,0.16519972918077183,0.6418415707515234,0.8205822613405552,0.0002960781239388318,0.05138476919672728,0.08769135316223414,Review and optimize
11168343,musique,77842.0,184826.0,28.455051194539248,186405.0,190600.0,181062.0,181319.0,1710.3617747440273,2244378.0,12.143194139352689,1.0085431703331782,0.9796348998517524,0.025898761476175806,0.09181120559230452,0.10630306770681038,Cross-promote
11168594,musique,472.0,142.0,0.0,401.0,1075.0,207.0,1065.0,153.0,209.0,1.471830985915493,2.823943661971831,1.4577464788732395,0.0030889719239146807,0.2919471542531655,0.16224980529317284,Review and optimize
11172080,musique,3142.0,5266.0,28.926,5664.0,7229.0,4414.0,7869.0,1013.5,38971.0,7.400493733383973,1.075579187238891,0.8382073680212685,0.01576135010575257,0.09920148498225898,0.08975377386414564,Maintain
11174986,musique,37064.0,84968.0,31.106515151515154,93185.0,81903.0,81072.0,84303.0,482.219696969697,268266.0,3.1572592034648337,1.0967069955748046,0.954147443743527,0.006691535382301,0.10153068671152378,0.10332062578070354,Review and optimize
11174992,musique,2460.0,7065.0,47.31699999999999,6520.0,5063.0,4646.0,4299.0,1092.0,54416.0,7.702193913658882,0.9228591648973815,0.6576079263977354,0.016406227196055074,0.0823651082755209,0.06862073711687766,Cross-promote
11175094,musique,5829.0,11099.0,42.76375,12626.0,6962.0,6956.0,8615.0,807.375,45056.0,4.059464816650149,1.137579962158753,0.6267231282097486,0.008619978812979049,0.10603666210347626,0.06500671943680511,Maintain
11181709,info,2654.0,6296.0,61.2775,7743.0,6359.0,8458.0,3931.0,292.6666666666667,12899.0,2.0487611181702667,1.229828462515883,1.3433926302414232,0.004322146609648331,0.11620645175405149,0.1488685674354984,Review and optimize
11182145,musique,6825.0,13532.0,61.35227272727273,13648.0,15422.0,12302.0,14718.0,797.5,67767.0,5.007907182973692,1.0085722731303577,0.9091043452556902,0.010647252223810395,0.09181441398403352,0.09804985945386996,Cross-promote
11194526,musique,6850.0,14926.0,51.487307692307695,15709.0,16075.0,16361.0,14354.0,791.8076923076923,86606.0,5.80235830095136,1.0524587967305372,1.0961409620795926,0.012345372937169533,0.09665261419087662,0.11993614913943648,Maintain
11195451,musique,1675.0,3197.0,18.962857142857143,3857.0,3942.0,4986.0,4268.0,566.7142857142857,10923.0,3.416640600563028,1.2064435408195182,1.559587112918361,0.007245957061753979,0.11362841814129347,0.17416679596763449,Maintain
11214592,musique,666.0,1703.0,8.416666666666666,2019.0,1778.0,1931.0,1872.0,1326.6666666666667,7742.0,4.546095126247798,1.185554903112155,1.1338813857897827,0.009660139736384493,0.11132558339873888,0.12435238516959808,Maintain
11217536,info,13998.0,31765.0,0.0,37391.0,34320.0,29364.0,33365.0,594.5471698113207,33630.0,1.0587124193294506,1.1771131748780104,0.9244136628364552,0.002205940634615501,0.11039493845495969,0.09984129561835335,Review and optimize
11340174,societe,2643.0,4325.0,0.0,3794.0,6470.0,3803.0,5012.0,1168.375,9874.0,2.2830057803468207,0.8772254335260116,0.8793063583815028,0.004822839105177051,0.07733428991835485,0.09456301616163271,Review and optimize
11397314,musique,7320.0,16986.0,24.890476190476193,16471.0,13238.0,12898.0,13090.0,596.6190476190476,18279.0,1.0761215118332745,0.9696809136936301,0.7593312139408925,0.0022431521633207324,0.08752689772994555,0.08052399636495236,Review and optimize
11419601,musique,31053.0,63281.0,53.312363636363635,65947.0,68748.0,68216.0,67328.0,610.6909090909091,166643.0,2.633381267679082,1.0421295491537745,1.0779854932760229,0.00557175852769203,0.09551388267006365,0.11781166754668876,Review and optimize
11420090,musique,10174.0,20657.0,35.59615384615385,24115.0,22628.0,23062.0,24795.0,1165.2820512820513,122464.0,5.928450404221329,1.1674008810572687,1.1164254247954688,0.012614891863518093,0.10932422202272353,0.12230975723102065,Maintain
11536206,societe,84088.0,214336.0,34.866200607902734,206395.0,210495.0,209545.0,209124.0,733.3799392097264,984275.0,4.592205695730069,0.9629506942370857,0.9776472454464019,0.009758700001919711,0.08678493535754614,0.10607048020149182,Cross-promote
11550359,musique,2295.0,5565.0,4.292222222222223,5027.0,5230.0,5167.0,4655.0,2302.777777777778,49897.0,8.966217430368374,0.9033243486073674,0.9284815813117699,0.01910804794666516,0.08021152342847229,0.10031730744790772,Cross-promote
11559755,musique,5090.0,15897.0,40.041363636363634,14997.0,13314.0,13430.0,11984.0,1748.5,134020.0,8.430521482040637,0.9433855444423476,0.8448134868214129,0.017963010366211448,0.0846280064413667,0.09052679591839587,Cross-promote
11562086,musique,1439.0,3778.0,26.865999999999996,2850.0,2286.0,4099.0,1722.0,1186.6,18228.0,4.8247750132345155,0.7543673901535204,1.0849655902593964,0.010255811487332964,0.06378999973323084,0.11862845105788376,Cross-promote
11562086,societe,3276.0,4661.0,43.79785714285714,8193.0,10481.0,9609.0,8956.0,236.07142857142858,8995.0,1.929843381248659,1.7577773010083673,2.0615747693627977,0.004067962723839952,0.17440933432610514,0.23290741828046038,Review and optimize
11831179,humour,7084.0,19491.0,63.24230769230769,15155.0,15763.0,16442.0,17149.0,409.5,33687.0,1.7283361551485301,0.7775383510338105,0.8435688266379354,0.003637245733469009,0.0663444455750818,0.090381150676313,Review and optimize
11831179,musique,15290.0,28822.0,39.17541666666667,31397.0,30342.0,33637.0,28461.0,768.1458333333334,163769.0,5.682083130941642,1.0893414752619526,1.1670598848102145,0.012088287569832892,0.10071868660356804,0.12823480270486146,Maintain
11869732,musique,2420.0,4273.0,48.66875,3435.0,5202.0,7110.0,4925.0,1345.75,31262.0,7.316171308214369,0.8038848584132927,1.6639363444886497,0.015581112890975052,0.06924897450551827,0.18637733286354,Cross-promote
11929403,musique,33796.0,73917.0,50.038032786885246,74831.0,73228.0,79539.0,75176.0,1178.8934426229507,430454.0,5.823477684429833,1.0123652204499642,1.0760582815861033,0.012390515126193652,0.09223256144710099,0.11758615281033793,Cross-promote
12027724,musique,81103.0,185163.0,38.07077966101695,187371.0,181102.0,184879.0,180526.0,283.43389830508477,178441.0,0.9636968508827357,1.0119246285705028,0.998466216252707,0.00200284707577996,0.09218398909396215,0.10850663432874032,Review and optimize
12027729,musique,32518.0,76322.0,61.06016129032258,76178.0,77949.0,81687.0,83484.0,1991.2903225806451,772462.0,10.121092214564609,0.9981132569901208,1.0702942795000132,0.02157656583027259,0.09066137633370429,0.11691167194372158,Cross-promote
12027733,musique,28477.0,62404.0,35.353796296296295,58040.0,77087.0,64625.0,64492.0,319.212962962963,66628.0,1.0676879687199539,0.9300685853470931,1.0355906672649189,0.0022251256618486307,0.08315989940158018,0.11285079165508828,Review and optimize
12034911,musique,86801.0,202086.0,39.69154078549849,211962.0,207644.0,203154.0,200275.0,291.9607250755287,207449.0,1.026538206506141,1.0488702829488437,1.0052848787150026,0.0021371690060093687,0.09625700417904196,0.10930452740685564,Review and optimize
12034911,societe,4472.0,8907.0,42.39375,8162.0,8502.0,9347.0,7934.0,232.8125,10459.0,1.1742449758616818,0.9163579207364994,1.0493993488267654,0.002452888776389319,0.08164838892152339,0.11446662929143123,Review and optimize
12034914,info,1306.0,1981.0,46.48,2816.0,1522.0,2430.0,1131.0,148.33333333333334,925.0,0.4669358909641595,1.4215042907622413,1.226653205451792,0.0009410321238754992,0.13733744951356777,0.13520817883320754,Review and optimize
12158421,musique,656.0,2913.0,33.77333333333333,2339.0,1162.0,1524.0,2483.0,1386.6666666666667,17233.0,5.915894267078613,0.8029522828698936,0.5231719876416066,0.01258805341357532,0.06914616419344899,0.05288957201278505,Cross-promote
12290845,societe,212.0,311.0,101.0,688.0,88.0,162.0,787.0,194.0,130.0,0.4180064308681672,2.212218649517685,0.5209003215434084,0.0008364465454776858,0.2245085002200937,0.05262375057558029,Review and optimize
12441412,musique,9210.0,22621.0,41.8785294117647,20647.0,21560.0,24602.0,21443.0,2113.205882352941,379391.0,16.771628133150614,0.9127359533177136,1.087573493656337,0.035791931058831924,0.08124909086651234,0.11893361766208488,Cross-promote
12710013,humour,31478.0,77165.0,22.64101694915254,70419.0,74754.0,75139.0,71713.0,807.4067796610169,245175.0,3.1772824467051124,0.9125769455063825,0.9737445733169183,0.006734334597162073,0.0812315613024785,0.10561380484976599,Review and optimize
12710082,societe,49665.0,116211.0,37.13755555555556,119487.0,109397.0,113242.0,114231.0,415.59444444444443,178955.0,1.5399144659283543,1.0281901024859954,0.9744516439923931,0.003234498772617111,0.09397715047487443,0.10569654348081266,Review and optimize
12710091,societe,1414.0,3749.0,0.0,2277.0,2067.0,4367.0,3225.0,347.0,2576.0,0.6871165644171779,0.6073619631901841,1.1648439583889036,0.0014116631719174571,0.047583619532768524,0.12797550370554106,Review and optimize
12710887,musique,2707.0,6263.0,14.41875,4080.0,5806.0,5708.0,5176.0,439.375,11697.0,1.8676353185374421,0.6514449944116238,0.9113843206131247,0.0039349944424222506,0.05244348341073055,0.09831665320792801,Review and optimize
12725565,musique,72526.0,165928.0,38.31985663082437,172910.0,167737.0,171482.0,171259.0,1602.5340501792114,1498754.0,9.032556289474954,1.0420784918759944,1.0334723494527747,0.019249845708919255,0.09550825394143235,0.11260291443152658,Cross-promote
12726615,musique,56599.0,141530.0,47.19702325581395,139595.0,143693.0,130919.0,130170.0,1328.2325581395348,885230.0,6.254716314562284,0.9863279869992227,0.9250264961492263,0.01331227762819962,0.08936212793054685,0.09991300696365052,Cross-promote
12736628,musique,61185.0,128602.0,48.3156338028169,131575.0,127445.0,124485.0,134618.0,1530.0140845070423,1656385.0,12.879931882863408,1.023117836425561,0.9679865009875429,0.027473521199283393,0.09341796654574097,0.10494001785997133,Cross-promote
12980772,info,1255.0,3613.0,0.0,3204.0,2026.0,2933.0,4277.0,276.4,1135.0,0.3141433711597011,0.8867976750622751,0.8117907556047605,0.0006144416806689225,0.0783895665085588,0.086662605719229,Review and optimize
13169128,musique,1668.0,4302.0,40.214285714285715,4191.0,3993.0,2687.0,4143.0,1755.2857142857142,72406.0,16.830776383077637,0.9741980474198048,0.6245932124593212,0.03591835906187345,0.08802488197511887,0.06475748506809541,Cross-promote
13191441,musique,188.0,295.0,51.5,1002.0,1064.0,472.0,1140.0,774.5,4087.0,13.854237288135593,3.3966101694915256,1.6,0.029556076251936705,0.3550798653417823,0.1788957531564378,Maintain
13191443,societe,721.0,1310.0,67.66666666666667,2258.0,70.0,1980.0,2462.0,444.0,2275.0,1.7366412213740459,1.7236641221374045,1.5114503816793894,0.003654997618593506,0.1706485810120994,0.16853402489690714,Review and optimize
13211701,musique,249.0,542.0,30.494999999999997,1446.0,819.0,509.0,2199.0,1338.0,17049.0,31.45571955719557,2.6678966789667897,0.9391143911439115,0.06717883358784435,0.27474400204337995,0.10156151705835471,Maintain
13319252,musique,7238.0,18516.0,22.747142857142855,16588.0,22982.0,20180.0,17331.0,298.39285714285717,17585.0,0.9497191618060056,0.8958738388420825,1.0898682220782026,0.0019729700917730515,0.07939015379309428,0.11920213776175037,Review and optimize
13634485,musique,1448.0,1882.0,31.55,1922.0,2802.0,3526.0,1437.0,787.25,17192.0,9.134962805526037,1.0212539851222104,1.873538788522848,0.019468737245672278,0.09321248921416762,0.21090418694609825,Cross-promote
1423841,musique,204.0,233.0,0.0,465.0,733.0,216.0,175.0,89.0,302.0,1.296137339055794,1.9957081545064377,0.927038626609442,0.0027134308563943415,0.20063964400148826,0.1001484585606974,Review and optimize
1423859,info,317051.0,706966.0,26.32166379310345,719706.0,724880.0,704361.0,721303.0,234.7844827586207,586297.0,0.8293142810262445,1.018020668603582,0.9963152400539771,0.0017156074706943345,0.09285603736139081,0.10825493554915597,Review and optimize
1423864,info,8811.0,18542.0,51.2334375,20014.0,18439.0,23805.0,22037.0,392.25,44837.0,2.4181318088663573,1.0793873368568654,1.2838420882321218,0.005111667835794348,0.0996213083986049,0.14190019709454432,Review and optimize
1423868,musique,190.0,968.0,0.0,278.0,371.0,735.0,652.0,2241.0,2490.0,2.572314049586777,0.2871900826446281,0.7592975206611571,0.005441228775007261,0.012286778233757182,0.08052005370980135,Review and optimize
1423870,humour,58432.0,133356.0,0.23255813953488372,123518.0,136038.0,129915.0,127266.0,1380.3441860465116,415819.0,3.118112420888449,0.9262275413179759,0.97419688652929,0.006607860048664936,0.08273644959303594,0.10566673276389682,Review and optimize
1423887,sport,168526.0,362022.0,24.328322147651008,366185.0,351299.0,371562.0,358276.0,386.1677852348993,744529.0,2.056584958925148,1.011499301147444,1.026351989658087,0.004338869886566498,0.09213709954661577,0.11176971791750538,Review and optimize
1423920,musique,512.0,778.0,0.0,1056.0,1308.0,2153.0,801.0,571.0,1522.0,1.9562982005141387,1.3573264781491003,2.7673521850899743,0.00412450928227043,0.13026226832381493,0.3154947171550916,Review and optimize
1423921,musique,411.0,73.0,51.5,675.0,1084.0,367.0,323.0,208.0,1161.0,15.904109589041095,9.246575342465754,5.027397260273973,0.03393763042832171,1.0,0.5799563079273735,Maintain
1423942,musique,78271.0,193830.0,30.355548172757477,181821.0,184317.0,194168.0,182176.0,1694.3222591362126,2663400.0,13.7409069803436,0.9380436464943507,1.0017437961099933,0.029313835365420187,0.0840390973723233,0.1088901638399252,Cross-promote
1423950,musique,13809.0,31315.0,40.888653846153844,29833.0,34135.0,29655.0,28840.0,746.75,171602.0,5.479865878971739,0.952674437170685,0.946990260258662,0.011656052915745202,0.08565204569152508,0.10248312030320664,Cross-promote
1423952,musique,756.0,1728.0,14.715,633.0,1478.0,526.0,1180.0,1774.0,21623.0,12.513310185185185,0.3663194444444444,0.30439814814814814,0.026689875881521018,0.021010269256082487,0.027289517285075907,Cross-promote
1423953,musique,568.0,1471.0,24.573333333333334,1483.0,1607.0,2149.0,1210.0,623.6666666666666,4186.0,2.8456832087015638,1.008157715839565,1.460910944935418,0.00602554896914089,0.09176871177284143,0.16262009867268898,Review and optimize
1423969,musique,2358.0,8800.0,31.655,3535.0,5406.0,6366.0,7367.0,1870.1,76264.0,8.666363636363636,0.4017045454545455,0.7234090909090909,0.018467117463899972,0.02491124360952921,0.0763205307326864,Cross-promote
1423973,musique,2022.0,4960.0,0.0,3810.0,4276.0,3363.0,4292.0,929.2857142857143,42598.0,8.588306451612903,0.7681451612903226,0.678024193548387,0.018300272054217453,0.06530890826586386,0.07100976844531418,Cross-promote
14254329,humour,908.0,1826.0,0.0,440.0,1412.0,1576.0,2087.0,335.0,698.0,0.3822562979189485,0.24096385542168675,0.8630887185104053,0.0007600314711041387,0.007190641110909385,0.09266529169322436,Review and optimize
14254341,societe,34702.0,80623.0,47.78338461538462,76498.0,77553.0,76191.0,83101.0,292.7230769230769,104927.0,1.301452439130273,0.948835940116344,0.9450280937201543,0.002724791758690036,0.08522887667017649,0.10225351528787674,Review and optimize
1784426,info,226089.0,536383.0,2.743080625752106,527806.0,508452.0,499858.0,517781.0,408.7894103489771,488145.0,0.9100679924606112,0.9840095603328218,0.9319050007177707,0.001888216643196222,0.08910653665885894,0.100717902529808,Review and optimize
1784434,info,1662.0,4544.0,10.34,4714.0,6014.0,4892.0,6039.0,441.5,6978.0,1.5356514084507042,1.037411971830986,1.0765845070422535,0.003225386586805772,0.09499380083840951,0.11764772964469689,Review and optimize
1784447,info,3479.0,12401.0,24.743125,10429.0,9223.0,10470.0,9521.0,740.5,47749.0,3.8504152890895895,0.8409805660833803,0.8442867510684622,0.008173140329357573,0.07333853197781882,0.09046515937111124,Cross-promote
2031524,info,474.0,295.0,0.0,850.0,277.0,21.0,357.0,128.0,136.0,0.4610169491525424,2.8813559322033897,0.0711864406779661,0.0009283805239670489,0.29827647895065695,0.0,Review and optimize
2038422,musique,233.0,643.0,0.0,113.0,256.0,921.0,1231.0,2281.0,2163.0,3.363919129082426,0.17573872472783825,1.432348367029549,0.00713326614756925,0.0,0.1592778180817019,Review and optimize
2384761,musique,13451.0,30215.0,33.874901960784314,28360.0,30620.0,32258.0,30224.0,341.078431372549,32630.0,1.0799271884825419,0.9386066523250042,1.0676154228032435,0.002251286708291754,0.08410116505740899,0.11659820266328211,Review and optimize
2528588,info,12223.0,28454.0,51.14076923076923,24347.0,20364.0,22430.0,25083.0,346.4102564102564,43429.0,1.5262880438602657,0.8556617698741829,0.7882898713713362,0.003205372613638698,0.07495703801088899,0.08391262462497111,Review and optimize
2633718,societe,936.0,1191.0,0.0,1818.0,1823.0,2391.0,1242.0,1406.0,9263.0,7.777497900923594,1.526448362720403,2.0075566750629723,0.01656718771040145,0.14890684232491497,0.22658643322317965,Maintain
2723781,musique,8973.0,20158.0,50.732,19253.0,15408.0,17498.0,18625.0,696.6666666666666,98303.0,4.876624665145352,0.9551046730826471,0.8680424645302113,0.010366638907545278,0.08591996319620263,0.0932449595799691,Cross-promote
2797899,musique,3398.0,6617.0,47.040909090909096,7718.0,5342.0,6390.0,4179.0,570.3636363636364,23101.0,3.4911591355599216,1.1663896025389149,0.9656944234547378,0.0074052386902190796,0.10921273522597356,0.1046718079569234,Maintain
4966282,musique,2644.0,4445.0,37.84111111111111,4040.0,4356.0,4781.0,5446.0,436.77777777777777,15969.0,3.592575928008999,0.9088863892013498,1.0755905511811024,0.007622014715883964,0.08082470177445923,0.1175314208369285,Cross-promote
5406811,humour,534.0,267.0,12.5,950.0,130.0,1100.0,214.0,109.0,400.0,1.4981273408239701,3.5580524344569286,4.119850187265918,0.0031451797684823855,0.3728778118564075,0.4737587168864522,Review and optimize
5406811,societe,2843.0,2930.0,50.55833333333334,4742.0,1686.0,2498.0,3076.0,319.0,2616.0,0.8928327645051195,1.6184300341296929,0.8525597269624573,0.0018513767459031206,0.15904721584122555,0.09143323049029835,Review and optimize
6067786,societe,13661.0,29132.0,0.0,29678.0,32094.0,28344.0,31817.0,963.6666666666666,49070.0,1.684402032129617,1.0187422765343952,0.9729507071261843,0.0035433375714267698,0.09293558988352554,0.10552090974870489,Review and optimize
686a908d-b5c7-4be6-8e22-e8a752f5a122,info,431.0,862.0,103.0,938.0,407.0,375.0,1170.0,14.0,23.0,0.02668213457076566,1.088167053364269,0.43503480278422274,0.0,0.1005892143236477,0.0425761050959021,Review and optimize
7002223,info,211974.0,471500.0,42.698412073490815,464745.0,479167.0,482520.0,460342.0,326.3490813648294,803111.0,1.7033107104984093,0.9856733828207848,1.023372216330859,0.003583754429901371,0.08928996213085005,0.11142103655583147,Review and optimize
7006364,info,37903.0,88224.0,7.540952380952381,93766.0,93449.0,93606.0,93981.0,379.2925170068027,85805.0,0.9725811570547697,1.0628173739571998,1.0610038084874864,0.002021837072764242,0.09779457911243705,0.115824537545397,Review and optimize
7392825,info,17576.0,39632.0,0.0,36853.0,38353.0,32996.0,41209.0,1426.4754098360656,180013.0,4.542112434396447,0.9298798950343157,0.8325595478401292,0.009651626825552519,0.08313909753723964,0.08909288814735156,Cross-promote
7949544,musique,4605.0,18627.0,52.180416666666666,15659.0,15662.0,17199.0,14742.0,1311.375,168562.0,9.049336983948033,0.8406614054866591,0.923337091319053,0.01928571405150756,0.07330334662390152,0.09971531945124122,Cross-promote
7969090,musique,54.0,1102.0,0.0,196.0,2175.0,761.0,2416.0,1918.5,3714.0,3.370235934664247,0.17785843920145192,0.690562613430127,0.007146768171995949,0.00023368456107660386,0.07247696505307467,Cross-promote
8723629,societe,866.0,2668.0,26.8,2580.0,1305.0,1539.0,1674.0,540.3333333333334,7710.0,2.8898050974512746,0.967016491754123,0.5768365817091454,0.00611985847604817,0.08723316275799194,0.059169191862444306,Review and optimize
8840379,humour,114435.0,248485.0,3.9951932367149756,247154.0,264384.0,270003.0,261906.0,900.927536231884,663538.0,2.67033422540596,0.9946435398515001,1.08659677646538,0.005650744611940526,0.09027886286941857,0.11881932605573978,Review and optimize
8840379,musique,2827.0,9756.0,5.719285714285713,7831.0,9343.0,6876.0,8939.0,520.8571428571429,9871.0,1.0117876178761787,0.8026855268552685,0.7047970479704797,0.0021056399672554917,0.06911675609959098,0.0741426226293861,Review and optimize
8840387,musique,10046.0,20505.0,34.820540540540534,24299.0,23303.0,24961.0,22435.0,781.3513513513514,136901.0,6.676469153864911,1.18502804194099,1.2173128505242623,0.014213764473810618,0.11126750042432669,0.13411520721523612,Maintain
8841537,sport,16545.0,33800.0,26.044999999999998,40795.0,33382.0,41458.0,35675.0,568.2741935483871,98920.0,2.9266272189349114,1.2069526627218934,1.2265680473372782,0.00619856490088191,0.11368454547814566,0.13519821396539194,Review and optimize
8841629,musique,4678.0,7615.0,0.0,9623.0,8831.0,10546.0,8611.0,2019.0714285714287,32106.0,4.216152330925804,1.2636900853578463,1.384898227183191,0.008954894715915353,0.1199394726725131,0.1537253892368421,Maintain
8841675,musique,23385.0,52939.0,48.33954022988506,51176.0,51892.0,57843.0,59082.0,942.919540229885,323311.0,6.107236630839268,0.9666975197869245,1.092634919435577,0.01299704324805649,0.08719799819923726,0.11952588581100426,Cross-promote
8843752,musique,2752.0,5460.0,11.222222222222221,4719.0,4182.0,5560.0,5709.0,1262.4444444444443,16166.0,2.960805860805861,0.8642857142857143,1.0183150183150182,0.006271620949771723,0.07590777108821808,0.1108292631231663,Review and optimize
8849020,humour,2675.0,5658.0,0.0,4237.0,2465.0,4249.0,4706.0,296.5,1584.0,0.2799575821845175,0.7488511841640155,0.7509720749381407,0.0005413703550107017,0.06318187435053813,0.07954584277747384,Review and optimize
8849020,info,799142.0,1801801.0,30.416765313145216,1796662.0,1786267.0,1800474.0,1806557.0,261.7690984170681,1713379.0,0.9509257681619668,0.997147853730795,0.999263514672264,0.001975549184683317,0.09055494698214503,0.10859993105572667,Review and optimize
8868066,musique,76830.0,170598.0,44.367904411764705,176733.0,171701.0,176996.0,178435.0,2400.4632352941176,2077673.0,12.178765284469923,1.0359617346041572,1.0375033704967234,0.02597479396823805,0.09483392173486653,0.11307460866870121,Cross-promote
9183563,humour,3145.0,7737.0,57.98769230769231,8190.0,6539.0,8279.0,10038.0,245.07692307692307,5110.0,0.6604627116453405,1.058549825513765,1.070052992115807,0.0013546911840147927,0.09732411000101136,0.11688343744248923,Review and optimize
9649001,humour,1167.0,1752.0,0.0,1949.0,3171.0,1996.0,2784.0,1215.25,13949.0,7.9617579908675795,1.1124429223744292,1.139269406392694,0.016961039349978467,0.10326546901030902,0.12498287016098426,Maintain
9667417,musique,5044.0,14196.0,0.0,13063.0,14980.0,17101.0,14286.0,2303.28,99717.0,7.024302620456466,0.920188785573401,1.2046351084812623,0.014957250386351354,0.08207071654116217,0.1326317076758212,Cross-promote
e42eddda-8e94-40e4-b380-a0279c779257,info,123.0,1160.0,101.0,609.0,295.0,657.0,1147.0,136.0,260.0,0.22413793103448276,0.525,0.5663793103448276,0.00042205715412850525,0.038503755495847586,0.05794552307348452,Review and optimize
